token_id	speaker	tu_id	span	form	lemma	upos	jefferson_feats
0-0	TO049	0	e::h	eh	eh	INTJ	_
1-0	TO049	1	no.	no	no	ADV	Intonation=falling
2-0	TO049	2	°basta.°	basta	bastare	VERB	Intonation=falling|Volume=low
3-0	TO049	3	prosegue.	prosegue	proseguere	VERB	Intonation=falling
4-0	TO048	4	posso	posso	potere	AUX	_
4-1	TO048	4	fregare	fregare	fregare	VERB	_
4-2	TO048	4	xxx	x	x	SYM	_
5-0	TO048	5	ah	ah	ah	INTJ	_
5-1	TO048	5	ti	ti	ti	PRON	_
5-2	TO048	5	stavo	stavo	stare	VERB	_
5-3	TO048	5	dicendo	dicendo	dire	VERB	_
5-4	TO048	5	che,	che	che	SCONJ	Intonation=weakly_rising
6-0	TO048	6	°(bu.)°	bu	bu	NOUN	Intonation=falling|Volume=low
7-0	TO048	7	°non	non	non	ADV	Volume=low
7-1	TO048	7	disturbiamo	disturbiamo	disturbare	VERB	Volume=low
7-2	TO048	7	xx,°	xx	diciannovesmo	ADJ	Intonation=weakly_rising|Volume=low
8-0	TO049	8	lui	lui	lui	PRON	_
8-1	TO049	8	tipo	tipo	tipo	NOUN	_
8-2	TO049	8	diceva	diceva	dire	VERB	_
8-3	TO049	8	{P}	{P}	_	_	_
8-4	TO049	8	che	che	che	SCONJ	_
8-5	TO049	8	appunto	appunto	appunto	ADV	_
8-6	TO049	8	i	i	il	DET	_
8-7	TO049	8	suoi	suoi	suo	DET	_
8-8	TO049	8	nonni	nonni	nonno	NOUN	_
8-9	TO049	8	{P}	{P}	_	_	_
8-10	TO049	8	gli	gli	lo	PRON	_
8-11	TO049	8	avevano	avevano	avere	AUX	_
8-12	TO049	8	dato	dato	dare	VERB	_
8-13	TO049	8	del	del	_	_	_
8-13a	_	_	_	di	di	ADP	_
8-13b	_	_	_	il	il	DET	_
8-14	TO049	8	bla	bla	bla	NOUN	_
8-15	TO049	8	bla	bla	blo	ADJ	_
8-16	TO049	8	bla	bla	blo	ADJ	_
8-17	TO049	8	bla.	bla	bla	NOUN	Intonation=falling
9-0	TO049	9	il	il	il	DET	_
9-1	TO049	9	punto	punto	punto	NOUN	_
9-2	TO049	9	è	è	essere	VERB	_
9-3	TO049	9	che	che	che	SCONJ	_
9-4	TO049	9	lui	lui	lui	PRON	_
9-5	TO049	9	ha	ha	avere	VERB	_
9-6	TO049	9	un	un	uno	DET	_
9-7	TO049	9	rapporto	rapporto	rapporto	NOUN	_
9-8	TO049	9	bellissimo	bellissimo	bello	ADJ	_
9-9	TO049	9	con	con	con	ADP	_
9-10	TO049	9	i	i	il	DET	_
9-11	TO049	9	suoi	suoi	suo	DET	_
9-12	TO049	9	nonni,	nonni	nonno	NOUN	Intonation=weakly_rising
10-0	TO049	10	quindi	quindi	quindi	ADV	_
10-1	TO049	10	normalmente	normalmente	normalmente	ADV	_
10-2	TO049	10	lui	lui	lui	PRON	_
10-3	TO049	10	si	si	si	PRON	_
10-4	TO049	10	confida	confida	confidare	VERB	_
10-5	TO049	10	con	con	con	ADP	_
10-6	TO049	10	sua	sua	suo	DET	_
10-7	TO049	10	nonna,	nonna	nonno	NOUN	Intonation=weakly_rising
11-0	TO049	11	perciò	perciò	perciò	ADV	_
11-1	TO049	11	lui	lui	lui	PRON	_
11-2	TO049	11	non	non	non	ADV	_
11-3	TO049	11	si	si	si	PRON	_
11-4	TO049	11	aspettava	aspettava	aspettare	VERB	_
11-5	TO049	11	che	che	che	SCONJ	_
11-6	TO049	11	proprio	proprio	proprio	ADV	_
11-7	TO049	11	sua	sua	suo	DET	_
11-8	TO049	11	nonna	nonna	nonno	NOUN	_
11-9	TO049	11	{P}	{P}	_	_	_
11-10	TO049	11	gli	gli	gli	PRON	_
11-11	TO049	11	muovesse	muovesse	muovere	VERB	_
11-12	TO049	11	questa	questa	questo	DET	_
11-13	TO049	11	critica	critica	critica	NOUN	_
11-14	TO049	11	perché,	perché	perché	SCONJ	Intonation=weakly_rising
12-0	TO050	12	eh	eh	eh	NOUN	_
12-1	TO050	12	esat[to	esatto	esatto	ADJ	_
12-2	TO050	12	infatti]	infatti	infatti	ADV	_
12-3	TO050	12	questo	questo	questo	DET	_
12-4	TO050	12	s[econdo	secondo	secondo	ADJ	_
12-5	TO050	12	me]	me	me	PRON	_
12-6	TO050	12	è	è	essere	AUX	_
12-7	TO050	12	l'	l'	il	DET	Truncated=Yes
12-8	TO050	12	atteggiamento	atteggiamento	atteggiamento	NOUN	_
12-9	TO050	12	che	che	che	PRON	_
12-10	TO050	12	avevo::,	avevo	avere	VERB	Intonation=weakly_rising
13-0	TO049	13	[perché],	perché	perché	SCONJ	Intonation=weakly_rising
14-0	TO049	14	[ecco].	ecco	ecco	ADV	Intonation=falling
15-0	TO050	15	x[xxxx]	x	decimo	ADJ	_
16-0	TO049	16	[perché	perché	perché	SCONJ	_
16-1	TO049	16	lui	lui	lui	PRON	_
16-2	TO049	16	quandera	quandera	quanderare	VERB	_
16-3	TO049	16	piccolo]	piccolo	piccolo	ADJ	_
16-4	TO049	16	diceva	diceva	dire	VERB	_
16-5	TO049	16	sempre	sempre	sempre	ADV	_
16-6	TO049	16	a	a	a	ADP	_
16-7	TO049	16	sua	sua	suo	DET	_
16-8	TO049	16	nonna,	nonna	nonno	NOUN	Intonation=weakly_rising
17-0	TO049	17	che	che	che	SCONJ	_
17-1	TO049	17	si	si	si	PRON	_
17-2	TO049	17	sentiva	sentiva	sentire	VERB	_
17-3	TO049	17	in	in	in	ADP	_
17-4	TO049	17	difetto	difetto	difetto	NOUN	_
17-5	TO049	17	su	su	su	ADP	_
17-6	TO049	17	questo	questo	questo	DET	_
17-7	TO049	17	argomento.	argomento	argomento	NOUN	Intonation=falling
18-0	TO049	18	cioè	cioè	cioè	ADV	_
18-1	TO049	18	diceva	diceva	dire	VERB	_
18-2	TO049	18	sempre	sempre	sempre	ADV	_
18-3	TO049	18	che	che	che	SCONJ	_
18-4	TO049	18	si	si	si	PRON	_
18-5	TO049	18	sentiva,	sentiva	sentire	VERB	Intonation=weakly_rising
19-0	TO050	19	come	come	come	ADV	_
19-1	TO050	19	se	se	se	SCONJ	_
19-2	TO050	19	appariss[e::	apparisse	apparire	VERB	_
19-3	TO050	19	<saputello	saputello	saputello	NOUN	_
19-4	TO050	19	saccente>],	saccente	saccente	ADJ	Intonation=weakly_rising
20-0	TO049	20	[come	come	come	ADV	_
20-1	TO049	20	si	si	si	PRON	_
20-2	TO049	20	apparisse	apparisse	apparire	VERB	_
20-3	TO049	20	più	più	più	ADV	_
20-4	TO049	20	saccente	saccente	saccente	ADJ	_
20-5	TO049	20	di	di	di	ADP	_
20-6	TO049	20	qu]ello	quello	quello	PRON	_
20-7	TO049	20	che	che	che	PRON	_
20-8	TO049	20	è.	è	essere	VERB	Intonation=falling
21-0	TO049	21	la	la	il	DET	_
21-1	TO049	21	verità	verità	verità	NOUN	_
21-2	TO049	21	è	è	essere	VERB	_
21-3	TO049	21	che	che	che	SCONJ	_
21-4	TO049	21	lui	lui	lui	PRON	_
21-5	TO049	21	è	è	essere	AUX	_
21-6	TO049	21	una	una	uno	DET	_
21-7	TO049	21	persona	persona	persona	NOUN	_
21-8	TO049	21	<era>	era	essere	AUX	_
21-9	TO049	21	una	una	uno	DET	_
21-10	TO049	21	persona	persona	persona	NOUN	_
21-11	TO049	21	molto	molto	molto	ADV	_
21-12	TO049	21	insicura.	insicura	insicuro	ADJ	Intonation=falling
22-0	TO050	22	sì.	sì	sì	ADV	Intonation=falling
23-0	TO049	23	e,	e	e	CCONJ	Intonation=weakly_rising
24-0	TO050	24	come	come	come	ADP	_
24-1	TO050	24	giustamente	giustamente	giusto	ADV	_
24-2	TO050	24	h[o	ho	avere	AUX	_
24-3	TO050	24	xx],	xx	diciannovesmo	ADJ	Intonation=weakly_rising
25-0	TO049	25	[quello	quello	quello	PRON	_
25-1	TO049	25	che	che	che	PRON	_
25-2	TO049	25	io	io	io	PRON	_
25-3	TO049	25	ho	ho	avere	VERB	_
25-4	TO049	25	det~]	det~	det~	PROPN	Interrupted=Yes
25-5	TO049	25	eh	eh	eh	INTJ	_
25-6	TO049	25	quello	quello	quello	PRON	_
25-7	TO049	25	che	che	che	PRON	_
25-8	TO049	25	io	io	io	PRON	_
25-9	TO049	25	dicevo	dicevo	dicevere	VERB	_
25-10	TO049	25	a	a	a	ADP	_
25-11	TO049	25	lui	lui	lui	PRON	_
25-12	TO049	25	poi	poi	poi	ADV	_
25-13	TO049	25	[cita:ndo	citando	citare	VERB	_
25-14	TO049	25	te	te	te	PRON	_
25-15	TO049	25	nel	nel	_	_	_
25-15a	_	_	_	in	in	ADP	_
25-15b	_	_	_	il	il	DET	_
25-16	TO049	25	senso	senso	senso	NOUN	_
25-17	TO049	25	face]ndo	facendo	facire	VERB	_
25-18	TO049	25	un,	un	uno	DET	Intonation=weakly_rising
26-0	TO050	26	[si	si	si	PRON	_
26-1	TO050	26	fa	fa	fare	VERB	_
26-2	TO050	26	psicologia	psicologia	psicologia	NOUN	_
26-3	TO050	26	spicciola].	spicciola	spicciolo	ADJ	Intonation=falling
27-0	TO049	27	un	un	uno	DET	_
27-1	TO049	27	paragone	paragone	paragone	NOUN	_
27-2	TO049	27	con	con	con	ADP	_
27-3	TO049	27	te	te	te	PRON	_
27-4	TO049	27	per	per	per	ADP	_
27-5	TO049	27	certe	certe	certo	DET	_
27-6	TO049	27	cose.	cose	cosa	NOUN	Intonation=falling
28-0	TO049	28	dicevo	dicevo	dire	VERB	_
28-1	TO049	28	che	che	che	SCONJ	_
28-2	TO049	28	secondo	secondo	secondo	ADP	_
28-3	TO049	28	me:	me	me	PRON	_
28-4	TO049	28	vabbè	vabbè	vabbere	VERB	_
28-5	TO049	28	a	a	a	ADP	_
28-6	TO049	28	parte	parte	parte	NOUN	_
28-7	TO049	28	analizzare	analizzare	analizzare	VERB	_
28-8	TO049	28	tutta	tutta	tutto	DET	_
28-9	TO049	28	la	la	il	DET	_
28-10	TO049	28	cosa	cosa	cosa	NOUN	_
28-11	TO049	28	di	di	di	ADP	_
28-12	TO049	28	sua	sua	suo	DET	_
28-13	TO049	28	nonna	nonna	nonno	NOUN	_
28-14	TO049	28	perché	perché	perché	SCONJ	_
28-15	TO049	28	poi	poi	poi	ADV	_
28-16	TO049	28	perché	perché	perché	SCONJ	_
28-17	TO049	28	non	non	non	ADV	_
28-18	TO049	28	ne	ne	ne	PRON	_
28-19	TO049	28	parli	parli	_	_	_
28-19a	_	_	_	par	pare	VERB	_
28-19b	_	_	_	li	li	PRON	_
28-20	TO049	28	con	con	con	ADP	_
28-21	TO049	28	tua	tua	tuo	DET	_
28-22	TO049	28	nonna	nonna	nonno	NOUN	_
28-23	TO049	28	mi	mi	mi	PRON	_
28-24	TO049	28	ha	ha	avere	AUX	_
28-25	TO049	28	detto	detto	dire	VERB	_
28-26	TO049	28	perché	perché	perché	SCONJ	_
28-27	TO049	28	sono	sono	essere	AUX	_
28-28	TO049	28	inglese:	inglese	inglese	ADJ	_
28-29	TO049	28	infatti	infatti	infatti	ADV	_
28-30	TO049	28	(mica)	mica	mica	ADV	_
28-31	TO049	28	{ride}	{ride}	_	_	_
29-0	TO050	29	{ride}	{ride}	_	_	_
29-1	TO050	29	allora	allora	allora	ADV	_
29-2	TO050	29	ci	ci	ci	PRON	_
29-3	TO050	29	ho	ho	avere	AUX	_
29-4	TO050	29	azzeccato.	azzeccato	azzeccare	VERB	Intonation=falling
30-0	TO049	30	>e	e	e	CCONJ	_
30-1	TO049	30	quindi	quindi	quindi	ADV	_
30-2	TO049	30	(perché)	perché	perché	SCONJ	_
30-3	TO049	30	inglese	inglese	inglese	NOUN	_
30-4	TO049	30	non	non	non	ADV	_
30-5	TO049	30	ne	ne	ne	PRON	_
30-6	TO049	30	parla	parla	parlare	VERB	_
30-7	TO049	30	mai	mai	mai	ADV	_
30-8	TO049	30	esplicitamente<,	esplicitamente	esplicitamente	ADV	Intonation=weakly_rising
31-0	TO049	31	ma	ma	ma	CCONJ	_
31-1	TO049	31	parte	parte	parte	NOUN	_
31-2	TO049	31	questo,	questo	questo	PRON	Intonation=weakly_rising
32-0	TO049	32	(ma,)	ma	ma	CCONJ	Intonation=weakly_rising
33-0	TO049	33	il	il	il	DET	_
33-1	TO049	33	suo	suo	suo	DET	_
33-2	TO049	33	discorso	discorso	discorso	NOUN	_
33-3	TO049	33	era	era	essere	AUX	_
33-4	TO049	33	non	non	non	ADV	_
33-5	TO049	33	ne	ne	ne	PRON	_
33-6	TO049	33	parlo	parlo	parlare	VERB	_
33-7	TO049	33	con	con	con	ADP	_
33-8	TO049	33	mia	mia	mio	DET	_
33-9	TO049	33	nonna	nonna	nonno	NOUN	_
33-10	TO049	33	perché	perché	perché	SCONJ	_
33-11	TO049	33	mia	mia	mio	DET	_
33-12	TO049	33	nonna	nonna	nonno	NOUN	_
33-13	TO049	33	lo	lo	lo	PRON	_
33-14	TO049	33	ha	ha	avere	AUX	_
33-15	TO049	33	detto	detto	dire	VERB	_
33-16	TO049	33	a	a	a	ADP	_
33-17	TO049	33	mio	mio	mio	DET	_
33-18	TO049	33	padre,	padre	padre	NOUN	Intonation=weakly_rising
34-0	TO049	34	e	e	e	CCONJ	_
34-1	TO049	34	probabilmente	probabilmente	probabilmente	ADV	_
34-2	TO049	34	io	io	io	PRON	_
34-3	TO049	34	non	non	non	ADV	_
34-4	TO049	34	avrei	avrei	avere	AUX	_
34-5	TO049	34	neanche	neanche	neanche	ADV	_
34-6	TO049	34	dovuto	dovuto	dovere	AUX	_
34-7	TO049	34	saperlo,	saperlo	_	_	Intonation=weakly_rising
34-7a	_	_	_	saper	sapere	VERB	_
34-7b	_	_	_	lo	lo	PRON	_
35-0	TO049	35	quindi	quindi	quindi	ADV	_
35-1	TO049	35	sarebbe	sarebbe	essere	AUX	_
35-2	TO049	35	sconveniente	sconveniente	sconveniente	ADJ	_
35-3	TO049	35	se	se	se	SCONJ	_
35-4	TO049	35	mia	mia	mio	DET	_
35-5	TO049	35	nonna	nonna	nonno	NOUN	_
35-6	TO049	35	me	me	me	PRON	_
35-7	TO049	35	lavesse	lavesse	lavere	AUX	_
35-8	TO049	35	detto	detto	dire	VERB	_
35-9	TO049	35	apertamente	apertamente	apertamente	ADV	_
35-10	TO049	35	magari	magari	magari	ADV	_
35-11	TO049	35	avremmo	avremmo	avere	AUX	_
35-12	TO049	35	intavolato	intavolato	intavolare	VERB	_
35-13	TO049	35	la	la	il	DET	_
35-14	TO049	35	disccussione	disccussione	disccussione	NOUN	_
35-15	TO049	35	allora	allora	allora	ADV	_
35-16	TO049	35	sì	sì	sì	ADV	_
35-17	TO049	35	ma	ma	ma	CCONJ	_
35-18	TO049	35	nel	nel	_	_	_
35-18a	_	_	_	in	in	ADP	_
35-18b	_	_	_	il	il	DET	_
35-19	TO049	35	caso	caso	caso	NOUN	_
35-20	TO049	35	in	in	in	ADP	_
35-21	TO049	35	cui	cui	cui	PRON	_
35-22	TO049	35	ci	ci	ci	PRON	_
35-23	TO049	35	ha	ha	avere	AUX	_
35-24	TO049	35	messo	messo	mettere	VERB	_
35-25	TO049	35	di	di	di	ADP	_
35-26	TO049	35	mezzo	mezzo	mezzo	NOUN	_
35-27	TO049	35	un,	un	uno	DET	Intonation=weakly_rising
36-0	TO049	36	tipo	tipo	tipo	ADP	_
36-1	TO049	36	un	un	uno	DET	_
36-2	TO049	36	intermediario	intermediario	intermediario	NOUN	_
36-3	TO049	36	non	non	non	ADV	_
36-4	TO049	36	mi	mi	mi	PRON	_
36-5	TO049	36	sembrava	sembrava	sembrare	VERB	_
36-6	TO049	36	il	il	il	DET	_
36-7	TO049	36	caso.	caso	caso	NOUN	Intonation=falling
37-0	TO049	37	eh,	eh	eh	INTJ	Intonation=weakly_rising
38-0	TO049	38	e	e	e	CCONJ	_
38-1	TO049	38	io	io	io	PRON	_
38-2	TO049	38	gli	gli	lo	PRON	_
38-3	TO049	38	dicevo	dicevo	dire	VERB	_
38-4	TO049	38	che	che	che	SCONJ	_
38-5	TO049	38	secondo	secondo	secondo	ADP	_
38-6	TO049	38	me	me	me	PRON	_
38-7	TO049	38	{P}	{P}	_	_	_
38-8	TO049	38	era	era	essere	AUX	_
38-9	TO049	38	normale,	normale	normale	ADJ	Intonation=weakly_rising
39-0	TO049	39	cioè	cioè	cioè	ADV	_
39-1	TO049	39	{P}	{P}	_	_	_
39-2	TO049	39	e	e	e	CCONJ	_
39-3	TO049	39	io	io	io	PRON	_
39-4	TO049	39	capivo	capivo	capivere	VERB	_
39-5	TO049	39	un	un	uno	DET	_
39-6	TO049	39	po	po	po	NOUN	_
39-7	TO049	39	il	il	il	DET	_
39-8	TO049	39	sentimento	sentimento	sentimento	NOUN	_
39-9	TO049	39	che	che	che	PRON	_
39-10	TO049	39	lui	lui	lui	PRON	_
39-11	TO049	39	provava	provava	provare	VERB	_
39-12	TO049	39	in	in	in	ADP	_
39-13	TO049	39	questa	questa	questo	DET	_
39-14	TO049	39	cosa	cosa	coso	NOUN	_
39-15	TO049	39	perché,	perché	perché	SCONJ	Intonation=weakly_rising
40-0	TO049	40	lui	lui	lui	PRON	_
40-1	TO049	40	era	era	essere	AUX	_
40-2	TO049	40	super	super	super	ADJ	_
40-3	TO049	40	insicuro.	insicuro	insicuro	ADJ	Intonation=falling
41-0	TO049	41	ed	ed	e	CCONJ	_
41-1	TO049	41	è	è	essere	AUX	_
41-2	TO049	41	diventato	diventato	diventare	VERB	_
41-3	TO049	41	una	una	uno	DET	_
41-4	TO049	41	persona	persona	persona	NOUN	_
41-5	TO049	41	che	che	che	PRON	_
41-6	TO049	41	ha	ha	avere	AUX	_
41-7	TO049	41	cercato	cercato	cercare	VERB	_
41-8	TO049	41	di	di	di	ADP	_
41-9	TO049	41	punti	punti	punto	NOUN	_
41-10	TO049	41	di	di	di	ADP	_
41-11	TO049	41	sicurezza	sicurezza	sicurezza	NOUN	_
41-12	TO049	41	da	da	da	ADP	_
41-13	TO049	41	grande.	grande	grande	ADJ	Intonation=falling
42-0	TO050	42	°sì.°	sì	sì	ADV	Intonation=falling|Volume=low
43-0	TO049	43	e	e	e	CCONJ	_
43-1	TO049	43	non	non	non	ADV	_
43-2	TO049	43	è	è	essere	AUX	_
43-3	TO049	43	mai	mai	mai	ADV	_
43-4	TO049	43	stato	stato	essere	AUX	_
43-5	TO049	43	super	super	super	ADJ	_
43-6	TO049	43	sicuro	sicuro	sicuro	ADJ	_
43-7	TO049	43	di	di	di	ADP	_
43-8	TO049	43	sé	sé	sé	PRON	_
43-9	TO049	43	però,	però	però	ADV	Intonation=weakly_rising
44-0	TO049	44	si	si	si	PRON	_
44-1	TO049	44	è	è	essere	AUX	_
44-2	TO049	44	trovato	trovato	trovare	VERB	_
44-3	TO049	44	i	i	il	DET	_
44-4	TO049	44	punti	punti	punto	NOUN	_
44-5	TO049	44	di	di	di	ADP	_
44-6	TO049	44	sicurezza.	sicurezza	sicurezza	NOUN	Intonation=falling
45-0	TO049	45	tipo	tipo	tipo	NOUN	_
45-1	TO049	45	vedi	vedi	vedere	VERB	_
45-2	TO049	45	quando	quando	quando	SCONJ	_
45-3	TO049	45	lui	lui	lui	PRON	_
45-4	TO049	45	dice	dice	dire	VERB	_
45-5	TO049	45	che	che	che	SCONJ	_
45-6	TO049	45	lui	lui	lui	PRON	_
45-7	TO049	45	è	è	essere	AUX	_
45-8	TO049	45	convinto	convinto	convinto	ADJ	_
45-9	TO049	45	del	del	_	_	_
45-9a	_	_	_	di	di	ADP	_
45-9b	_	_	_	il	il	DET	_
45-10	TO049	45	suo	suo	suo	DET	_
45-11	TO049	45	lavoro	lavoro	lavoro	NOUN	_
45-12	TO049	45	di	di	di	ADP	_
45-13	TO049	45	dottorato	dottorato	dottorato	NOUN	_
45-14	TO049	45	e	e	e	CCONJ	_
45-15	TO049	45	>bla	bla	bla	NOUN	_
45-16	TO049	45	bla	bla	blo	ADJ	_
45-17	TO049	45	bla	bla	blo	ADJ	_
45-18	TO049	45	bla	bla	bla	NOUN	_
45-19	TO049	45	bla<.	bla	blo	ADJ	Intonation=falling
46-0	TO049	46	okay.	okay	okay	NOUN	Intonation=falling
47-0	TO049	47	eh.	eh	eh	INTJ	Intonation=falling
48-0	TO049	48	nel	nel	_	_	_
48-0a	_	_	_	in	in	ADP	_
48-0b	_	_	_	il	il	DET	_
48-1	TO049	48	momento	momento	momento	NOUN	_
48-2	TO049	48	in	in	in	ADP	_
48-3	TO049	48	cui	cui	cui	PRON	_
48-4	TO049	48	tu	tu	tu	PRON	_
48-5	TO049	48	ti	ti	ti	PRON	_
48-6	TO049	48	cerchi	cerchi	cercare	VERB	_
48-7	TO049	48	tuoi	tuoi	tuo	DET	_
48-8	TO049	48	punti	punti	punto	NOUN	_
48-9	TO049	48	di,	di	di	ADP	Intonation=weakly_rising
49-0	TO049	49	forza	forza	forza	NOUN	_
49-1	TO049	49	{P}	{P}	_	_	_
49-2	TO049	49	fai	fai	fare	VERB	_
49-3	TO049	49	un	un	uno	DET	_
49-4	TO049	49	percorso	percorso	percorso	NOUN	_
49-5	TO049	49	>che	che	che	PRON	_
49-6	TO049	49	è	è	essere	AUX	_
49-7	TO049	49	quello	quello	quello	PRON	_
49-8	TO049	49	che	che	che	PRON	_
49-9	TO049	49	ti	ti	ti	PRON	_
49-10	TO049	49	dicevo	dicevo	dire	VERB	_
49-11	TO049	49	prima	prima	prima	ADV	_
49-12	TO049	49	io<	io	io	PRON	_
49-13	TO049	49	quando	quando	quando	SCONJ	_
49-14	TO049	49	la	la	il	DET	_
49-15	TO049	49	gente	gente	gente	NOUN	_
49-16	TO049	49	che	che	che	PRON	_
49-17	TO049	49	{P}	{P}	_	_	_
49-18	TO049	49	ti	ti	ti	PRON	_
49-19	TO049	49	vuole	vuole	volere	VERB	_
49-20	TO049	49	più	più	più	ADV	_
49-21	TO049	49	bene	bene	bene	ADV	_
49-22	TO049	49	che	che	che	SCONJ	_
49-23	TO049	49	ti	ti	ti	PRON	_
49-24	TO049	49	conosce	conosce	conoscere	VERB	_
49-25	TO049	49	ti	ti	ti	PRON	_
49-26	TO049	49	a~	a~	a~	PROPN	Interrupted=Yes
50-0	TO049	50	va	va	andare	VERB	_
50-1	TO049	50	a	a	a	ADP	_
50-2	TO049	50	intaccare	intaccare	intaccare	VERB	_
50-3	TO049	50	proprio	proprio	proprio	ADV	_
50-4	TO049	50	il	il	il	DET	_
50-5	TO049	50	percorso	percorso	percorso	NOUN	_
50-6	TO049	50	che	che	che	PRON	_
50-7	TO049	50	tu	tu	tu	PRON	_
50-8	TO049	50	stai	stai	stare	VERB	_
50-9	TO049	50	facendo,	facendo	fare	VERB	Intonation=weakly_rising
51-0	TO049	51	è	è	essere	AUX	_
51-1	TO049	51	normale	normale	normale	ADJ	_
51-2	TO049	51	che,	che	che	SCONJ	Intonation=weakly_rising
52-0	TO049	52	cioè	cioè	cioè	ADV	_
52-1	TO049	52	fa	fa	fare	ADV	_
52-2	TO049	52	più	più	più	ADV	_
52-3	TO049	52	male	male	male	ADJ	_
52-4	TO049	52	riferito	riferito	riferire	VERB	_
52-5	TO049	52	a	a	a	ADP	_
52-6	TO049	52	quel	quel	quello	DET	_
52-7	TO049	52	percorso	percorso	percorso	NOUN	_
52-8	TO049	52	perché	perché	perché	SCONJ	_
52-9	TO049	52	non	non	non	ADV	_
52-10	TO049	52	è	è	essere	AUX	_
52-11	TO049	52	{P}	{P}	_	_	_
52-12	TO049	52	un	un	uno	DET	_
52-13	TO049	52	tallone	tallone	tallone	NOUN	_
52-14	TO049	52	dachille	dachille	dachille	ADJ	_
52-15	TO049	52	{P}	{P}	_	_	_
52-16	TO049	52	qualunque.	qualunque	qualunque	DET	Intonation=falling
53-0	TO049	53	è	è	essere	AUX	_
53-1	TO049	53	un	un	uno	DET	_
53-2	TO049	53	tallone	tallone	tallone	NOUN	_
53-3	TO049	53	dachille	dachille	dachille	ADJ	_
53-4	TO049	53	cioè	cioè	cioè	CCONJ	_
53-5	TO049	53	non	non	non	ADV	_
53-6	TO049	53	è	è	essere	AUX	_
53-7	TO049	53	una	una	uno	DET	_
53-8	TO049	53	debolezza	debolezza	debolezza	NOUN	_
53-9	TO049	53	qualun[que	qualunque	qualunque	ADJ	_
53-10	TO049	53	è	è	essere	AUX	_
53-11	TO049	53	un	un	uno	DET	_
53-12	TO049	53	tallone	tallone	tallone	NOUN	_
53-13	TO049	53	dachille	dachille	dachille	ADJ	_
53-14	TO049	53	ben	ben	bene	ADV	_
53-15	TO049	53	specifico].	specifico	specifico	ADJ	Intonation=falling
54-0	TO050	54	[perché	perché	perché	SCONJ	_
54-1	TO050	54	porta	porta	portare	VERB	_
54-2	TO050	54	conseguenze:	conseguenze	conseguenze	NOUN	_
54-3	TO050	54	es]atto.	esatto	esatto	ADJ	Intonation=falling
55-0	TO049	55	che	che	che	SCONJ	_
55-1	TO049	55	tra	tra	tra	ADP	_
55-2	TO049	55	l'	l'	il	DET	Truncated=Yes
55-3	TO049	55	altro	altro	altro	PRON	_
55-4	TO049	55	la	la	il	DET	_
55-5	TO049	55	persona	persona	persona	NOUN	_
55-6	TO049	55	che	che	che	PRON	_
55-7	TO049	55	gliel'	gliel'	_	_	Truncated=Yes
55-7a	_	_	_	glie	gli	PRON	_
55-7b	_	_	_	l'	lo	PRON	_
55-8	TO049	55	ha	ha	avere	VERB	_
55-9	TO049	55	criticavo	criticavo	criticavo	NOUN	_
55-10	TO049	55	{P}	{P}	_	_	_
55-11	TO049	55	avrebbe	avrebbe	avere	AUX	_
55-12	TO049	55	dovuto	dovuto	dovere	AUX	_
55-13	TO049	55	anche	anche	anche	ADV	_
55-14	TO049	55	conoscere	conoscere	conoscere	VERB	_
55-15	TO049	55	di	di	di	ADP	_
55-16	TO049	55	base.	base	base	NOUN	Intonation=falling
56-0	TO050	56	°mhmh.°	mhmh	mhmh	NOUN	Intonation=falling|Volume=low
57-0	TO049	57	e	e	e	CCONJ	_
57-1	TO049	57	io	io	io	PRON	_
57-2	TO049	57	gli	gli	lo	PRON	_
57-3	TO049	57	dicevo	dicevo	dire	VERB	_
57-4	TO049	57	che	che	che	SCONJ	_
57-5	TO049	57	{P}	{P}	_	_	_
57-6	TO049	57	ne~	ne~	ne~	PROPN	Interrupted=Yes
57-7	TO049	57	comunque	comunque	comunque	ADV	_
57-8	TO049	57	nelle	nelle	_	_	_
57-8a	_	_	_	in	in	ADP	_
57-8b	_	_	_	le	il	DET	_
57-9	TO049	57	persone	persone	persona	NOUN	_
57-10	TO049	57	che,	che	che	PRON	Intonation=weakly_rising
58-0	TO049	58	sono	sono	essere	AUX	_
58-1	TO049	58	sempre	sempre	sempre	ADV	_
58-2	TO049	58	stata	stata	essere	AUX	_
58-3	TO049	58	insicure	insicure	insicure	ADV	_
58-4	TO049	58	e	e	e	CCONJ	_
58-5	TO049	58	{P}	{P}	_	_	_
58-6	TO049	58	hanno	hanno	avere	VERB	_
58-7	TO049	58	sempre	sempre	sempre	ADV	_
58-8	TO049	58	gli	gli	lo	PRON	_
58-9	TO049	58	hanno	hanno	avere	VERB	_
58-10	TO049	58	sempre	sempre	sempre	ADV	_
58-11	TO049	58	(anche)	anche	anche	ADV	_
58-12	TO049	58	dato	dato	dare	VERB	_
58-13	TO049	58	un	un	uno	DET	_
58-14	TO049	58	po	po	po	NOUN	_
58-15	TO049	58	letichetta	letichetta	letichetta	NOUN	_
58-16	TO049	58	delle	delle	_	_	_
58-16a	_	_	_	di	di	ADP	_
58-16b	_	_	_	le	il	DET	_
58-17	TO049	58	persone	persone	persona	NOUN	_
58-18	TO049	58	saputelle,	saputelle	saputello	ADJ	Intonation=weakly_rising
59-0	TO049	59	è	è	essere	AUX	_
59-1	TO049	59	normale	normale	normale	ADJ	_
59-2	TO049	59	secondo	secondo	secondo	ADP	_
59-3	TO049	59	me	me	me	PRON	_
59-4	TO049	59	avere	avere	avere	VERB	_
59-5	TO049	59	questa	questa	questo	DET	_
59-6	TO049	59	paura	paura	paura	NOUN	_
59-7	TO049	59	di	di	di	ADP	_
59-8	TO049	59	sembrare	sembrare	sembrare	VERB	_
59-9	TO049	59	troppo	troppo	troppo	ADV	_
59-10	TO049	59	saputelli,	saputelli	saputello	NOUN	Intonation=weakly_rising
60-0	TO049	60	proprio	proprio	proprio	ADV	_
60-1	TO049	60	perché,	perché	perché	SCONJ	Intonation=weakly_rising
61-0	TO049	61	hai	hai	avere	VERB	_
61-1	TO049	61	paura	paura	paura	NOUN	_
61-2	TO049	61	di	di	di	ADP	_
61-3	TO049	61	cadere	cadere	cadere	VERB	_
61-4	TO049	61	nelle	nelle	_	_	_
61-4a	_	_	_	in	in	ADP	_
61-4b	_	_	_	le	le	DET	_
61-5	TO049	61	nelleccesso	nelleccesso	nelleccesso	NOUN	_
61-6	TO049	61	opposto	opposto	opposto	ADJ	_
61-7	TO049	61	cioè	cioè	cioé	ADV	_
61-8	TO049	61	di	di	di	ADP	_
61-9	TO049	61	passare	passare	passare	VERB	_
61-10	TO049	61	dall'	dall'	_	_	Truncated=Yes
61-10a	_	_	_	da	da	ADP	_
61-10b	_	_	_	l'	il	DET	_
61-11	TO049	61	ultimo	ultimo	ultimo	ADJ	_
61-12	TO049	61	{P}	{P}	_	_	_
61-13	TO049	61	dei	dei	_	_	_
61-13a	_	_	_	di	di	ADP	_
61-13b	_	_	_	i	il	DET	_
61-14	TO049	61	sicuri	sicuri	sicuro	NOUN	_
61-15	TO049	61	cioè	cioè	cioè	CCONJ	_
61-16	TO049	61	dal	dal	_	_	_
61-16a	_	_	_	da	da	ADP	_
61-16b	_	_	_	il	il	DET	_
61-17	TO049	61	più	più	più	ADV	_
61-18	TO049	61	insicuro	insicuro	insicuro	ADJ	_
61-19	TO049	61	al	al	_	_	_
61-19a	_	_	_	a	a	ADP	_
61-19b	_	_	_	il	il	DET	_
61-20	TO049	61	primo	primo	primo	ADJ	_
61-21	TO049	61	dei	dei	_	_	_
61-21a	_	_	_	di	di	ADP	_
61-21b	_	_	_	i	il	DET	_
61-22	TO049	61	saputelli	saputelli	saputello	NOUN	_
61-23	TO049	61	e	e	e	CCONJ	_
61-24	TO049	61	tu	tu	tu	PRON	_
61-25	TO049	61	non	non	non	ADV	_
61-26	TO049	61	vuoi	vuoi	volere	AUX	_
61-27	TO049	61	sembrare	sembrare	sembrare	VERB	_
61-28	TO049	61	>saputello	saputello	saputello	NOUN	_
61-29	TO049	61	proprio	proprio	proprio	ADV	_
61-30	TO049	61	perché<	perché	perché	SCONJ	_
61-31	TO049	61	chai	chai	chai	ADV	_
61-32	TO049	61	dovuto	dovuto	dovere	AUX	_
61-33	TO049	61	lavorare	lavorare	lavorare	VERB	_
61-34	TO049	61	sulle	sulle	_	_	_
61-34a	_	_	_	su	su	ADP	_
61-34b	_	_	_	le	il	DET	_
61-35	TO049	61	tue,	tue	tua	NOUN	Intonation=weakly_rising
62-0	TO049	62	insicurezze	insicurezze	insicurezza	NOUN	_
62-1	TO049	62	e	e	e	CCONJ	_
62-2	TO049	62	quindi	quindi	quindi	ADV	_
62-3	TO049	62	paradossalmente	paradossalmente	paradossalmente	ADV	_
62-4	TO049	62	poi	poi	poi	ADV	_
62-5	TO049	62	viene	viene	venire	AUX	_
62-6	TO049	62	fuori	fuori	fuori	ADV	_
62-7	TO049	62	unidea	unidea	unideo	ADJ	_
62-8	TO049	62	di	di	di	ADP	_
62-9	TO049	62	te	te	te	PRON	_
62-10	TO049	62	completamente	completamente	completamente	ADV	_
62-11	TO049	62	diversa	diversa	diverso	PRON	_
62-12	TO049	62	da	da	da	ADP	_
62-13	TO049	62	quella	quella	quello	PRON	_
62-14	TO049	62	che	che	che	PRON	_
62-15	TO049	62	era	era	essere	AUX	_
62-16	TO049	62	di	di	di	ADP	_
62-17	TO049	62	fondo.	fondo	fondo	NOUN	Intonation=falling
63-0	TO049	63	e	e	e	CCONJ	_
63-1	TO049	63	quindi	quindi	quindi	ADV	_
63-2	TO049	63	poi	poi	poi	ADV	_
63-3	TO049	63	gli	gli	lo	PRON	_
63-4	TO049	63	dicevo	dicevo	dire	VERB	_
63-5	TO049	63	beh,	beh	beh	ADV	Intonation=weakly_rising
64-0	TO049	64	che	che	che	SCONJ	_
64-1	TO049	64	lavevo	lavevo	lavere	AUX	_
64-2	TO049	64	vista	vista	vedere	VERB	_
64-3	TO049	64	anche	anche	anche	ADV	_
64-4	TO049	64	in	in	in	ADP	_
64-5	TO049	64	te	te	te	PRON	_
64-6	TO049	64	in	in	in	ADP	_
64-7	TO049	64	certe	certe	certo	DET	_
64-8	TO049	64	questa	questa	questo	DET	_
64-9	TO049	64	cosa	cosa	cosa	NOUN	_
64-10	TO049	64	qua,	qua	qua	ADV	Intonation=weakly_rising
65-0	TO050	65	mhmh,	mhmh	mhmh	NOUN	Intonation=weakly_rising
66-0	TO049	66	e	e	e	CCONJ	_
66-1	TO049	66	la	la	la	PRON	_
66-2	TO049	66	vedevo	vedevo	vedere	VERB	_
66-3	TO049	66	comunemente	comunemente	comunemente	ADV	_
66-4	TO049	66	nelle	nelle	_	_	_
66-4a	_	_	_	in	in	ADP	_
66-4b	_	_	_	le	il	DET	_
66-5	TO049	66	persone	persone	persona	NOUN	_
66-6	TO049	66	molto	molto	molto	ADV	_
66-7	TO049	66	insicure	insicure	insicure	ADV	_
66-8	TO049	66	che	che	che	SCONJ	_
66-9	TO049	66	a	a	a	ADP	_
66-10	TO049	66	un	un	uno	DET	_
66-11	TO049	66	certo	certo	certo	ADJ	_
66-12	TO049	66	punto	punto	punto	NOUN	_
66-13	TO049	66	invece	invece	invece	ADV	_
66-14	TO049	66	sono	sono	essere	AUX	_
66-15	TO049	66	state	state	essere	AUX	_
66-16	TO049	66	brave	brave	bravo	ADJ	_
66-17	TO049	66	a	a	a	ADP	_
66-18	TO049	66	sfruttare	sfruttare	sfruttare	VERB	_
66-19	TO049	66	alcune	alcune	alcuno	DET	_
66-20	TO049	66	insicurezze	insicurezze	insicurezza	NOUN	_
66-21	TO049	66	come,	come	come	ADP	Intonation=weakly_rising
67-0	TO049	67	punti	punti	punto	NOUN	_
67-1	TO049	67	di	di	di	ADP	_
67-2	TO049	67	forza.	forza	forza	NOUN	Intonation=falling
67-3	TO049	67	e,	e	e	CCONJ	Intonation=weakly_rising
68-0	TO050	68	perché	perché	perché	SCONJ	_
68-1	TO050	68	sono	sono	essere	AUX	_
68-2	TO050	68	più	più	più	ADV	_
68-3	TO050	68	attaccabili	attaccabili	attaccabile	ADJ	_
68-4	TO050	68	cioè	cioè	cioè	ADV	_
68-5	TO050	68	nel	nel	_	_	_
68-5a	_	_	_	in	in	ADP	_
68-5b	_	_	_	il	il	DET	_
68-6	TO050	68	senso	senso	senso	NOUN	_
68-7	TO050	68	più,	più	più	ADV	Intonation=weakly_rising
69-0	TO050	69	perché	perché	perché	SCONJ	_
69-1	TO050	69	è	è	essere	AUX	_
69-2	TO050	69	più	più	più	ADV	_
69-3	TO050	69	normale	normale	normale	ADJ	_
69-4	TO050	69	essere	essere	essere	AUX	_
69-5	TO050	69	più	più	più	ADV	_
69-6	TO050	69	sensibili	sensibili	sensibile	ADJ	_
69-7	TO050	69	o	o	o	CCONJ	_
69-8	TO050	69	[più]::	più	più	ADV	_
69-9	TO050	69	suscettibili	suscettibili	suscettibile	ADJ	_
69-10	TO050	69	[quando	quando	quando	SCONJ	_
69-11	TO050	69	non]	non	non	ADV	_
69-12	TO050	69	cioè	cioè	cioè	CCONJ	_
69-13	TO050	69	non	non	non	ADV	_
69-14	TO050	69	cioè	cioè	cioè	CCONJ	_
69-15	TO050	69	°necessariamente	necessariamente	necessariamente	ADV	Volume=low
69-16	TO050	69	sarebbero	sarebbero	essere	AUX	Volume=low
69-17	TO050	69	così	così	così	ADV	Volume=low
69-18	TO050	69	attaccabili.°	attaccabili	attaccabile	ADJ	Intonation=falling|Volume=low
70-0	TO049	70	[sì].	sì	sì	ADV	Intonation=falling
71-0	TO049	71	[proprio	proprio	proprio	ADV	_
71-1	TO049	71	su	su	su	ADP	_
71-2	TO049	71	questo].	questo	questo	PRON	Intonation=falling
72-0	TO050	72	°eh	eh	eh	INTJ	Volume=low
72-1	TO050	72	sì.°	sì	sì	INTJ	Intonation=falling|Volume=low
73-0	TO049	73	poi	poi	poi	ADV	_
73-1	TO049	73	ovviamente	ovviamente	ovviamente	ADV	_
73-2	TO049	73	lui	lui	lui	PRON	_
73-3	TO049	73	non	non	non	ADV	_
73-4	TO049	73	ne	ne	ne	PRON	_
73-5	TO049	73	parlerà	parlerà	parlare	VERB	_
73-6	TO049	73	mai	mai	mai	ADV	_
73-7	TO049	73	con	con	con	ADP	_
73-8	TO049	73	sua	sua	suo	DET	_
73-9	TO049	73	nonna	nonna	nonno	NOUN	_
73-10	TO049	73	{P}	{P}	_	_	_
73-11	TO049	73	°perché,°	perché	perché	SCONJ	Intonation=weakly_rising|Volume=low
74-0	TO050	74	e	e	e	CCONJ	_
74-1	TO050	74	questo	questo	questo	PRON	_
74-2	TO050	74	questo	questo	questo	DET	_
74-3	TO050	74	discorso	discorso	discorso	NOUN	_
74-4	TO050	74	si	si	si	PRON	_
74-5	TO050	74	lega	lega	legare	VERB	_
74-6	TO050	74	un	un	uno	DET	_
74-7	TO050	74	po	po	po	NOUN	_
74-8	TO050	74	con	con	con	ADP	_
74-9	TO050	74	la	la	il	DET	_
74-10	TO050	74	mia	mia	mio	DET	_
74-11	TO050	74	crisi::	crisi	crisi	NOUN	_
74-12	TO050	74	de	de	de	ADP	_
74-13	TO050	74	degli	degli	_	_	_
74-13a	_	_	_	di	di	ADP	_
74-13b	_	_	_	gli	il	DET	_
74-14	TO050	74	ultimi	ultimi	ultimo	ADJ	_
74-15	TO050	74	tre	tre	tre	NUM	_
74-16	TO050	74	anni	anni	anno	NOUN	_
74-17	TO050	74	(°che	che	che	PRON	Volume=low
74-18	TO050	74	ne	ne	ne	PRON	Volume=low
74-19	TO050	74	so°).	so	sapere	VERB	Intonation=falling|Volume=low
75-0	TO050	75	in	in	in	ADP	_
75-1	TO050	75	qualche	qualche	qualche	DET	_
75-2	TO050	75	modo.	modo	modo	NOUN	Intonation=falling
76-0	TO050	76	è	è	essere	AUX	_
76-1	TO050	76	il	il	il	DET	_
76-2	TO050	76	discorso	discorso	discorso	NOUN	_
76-3	TO050	76	che	che	che	PRON	_
76-4	TO050	76	facevamo	facevamo	facere	VERB	_
76-5	TO050	76	anche	anche	anche	ADV	_
76-6	TO050	76	di	di	di	ADP	_
76-7	TO050	76	come	come	come	ADV	_
76-8	TO050	76	mi	mi	mi	PRON	_
76-9	TO050	76	vedevano	vedevano	vedere	VERB	_
76-10	TO050	76	giù	giù	giù	ADV	_
76-11	TO050	76	di	di	di	ADP	_
76-12	TO050	76	come	come	come	ADV	_
76-13	TO050	76	mi:	mi	mi	PRON	ProsodicLink=Yes
76-14	TO050	76	mh	mh	mh	INTJ	_
77-0	TO050	77	mi	mi	mi	PRON	_
77-1	TO050	77	vedevano	vedevano	vedere	VERB	_
77-2	TO050	77	insomma	insomma	insomma	ADV	_
77-3	TO050	77	la	la	il	DET	_
77-4	TO050	77	mia	mia	mio	DET	_
77-5	TO050	77	famiglia	famiglia	famiglia	NOUN	_
77-6	TO050	77	e	e	e	CCONJ	_
77-7	TO050	77	mia	mia	mio	DET	_
77-8	TO050	77	amici:	amici	amico	NOUN	_
78-0	TO050	78	e	e	e	CCONJ	_
78-1	TO050	78	quindi	quindi	quindi	ADV	_
78-2	TO050	78	il	il	il	DET	_
78-3	TO050	78	fatto	fatto	fatto	NOUN	_
78-4	TO050	78	che	che	che	SCONJ	_
78-5	TO050	78	io	io	io	PRON	_
78-6	TO050	78	fossi	fossi	essere	AUX	_
78-7	TO050	78	ill	ill	ill	ADJ	ProsodicLink=Yes
78-8	TO050	78	eh,	eh	eh	INTJ	Intonation=weakly_rising
79-0	TO050	79	quello	quello	quello	PRON	_
79-1	TO050	79	che	che	che	PRON	_
79-2	TO050	79	sa	sa	sapere	VERB	_
79-3	TO050	79	tutto	tutto	tutto	PRON	_
79-4	TO050	79	e	e	e	CCONJ	_
79-5	TO050	79	poi	poi	poi	ADV	_
79-6	TO050	79	in	in	in	ADP	_
79-7	TO050	79	realtà	realtà	realtà	NOUN	_
79-8	TO050	79	alla	alla	_	_	_
79-8a	_	_	_	a	a	ADP	_
79-8b	_	_	_	la	il	DET	_
79-9	TO050	79	fine	fine	fine	NOUN	_
79-10	TO050	79	io	io	io	PRON	_
79-11	TO050	79	mi	mi	mi	PRON	_
79-12	TO050	79	sono	sono	essere	AUX	_
79-13	TO050	79	accorto	accorto	accorgere	VERB	_
79-14	TO050	79	di	di	di	ADP	_
79-15	TO050	79	non	non	non	ADV	_
79-16	TO050	79	sapere	sapere	sapere	VERB	_
79-17	TO050	79	nulla	nulla	nulla	PRON	_
79-18	TO050	79	o	o	o	CCONJ	_
79-19	TO050	79	meglio	meglio	meglio	ADV	_
79-20	TO050	79	ho	ho	avere	AUX	_
79-21	TO050	79	percepito,	percepito	percepere	VERB	Intonation=weakly_rising
80-0	TO050	80	una	una	uno	DET	_
80-1	TO050	80	totale:	totale	totale	ADJ	_
80-2	TO050	80	incapacità	incapacità	incapacità	NOUN	_
80-3	TO050	80	inadeguatezza	inadeguatezza	inadeguatezzare	VERB	_
80-4	TO050	80	e::	e	e	CCONJ	_
80-5	TO050	80	ignoranza	ignoranza	ignoranzare	VERB	_
80-6	TO050	80	verso	verso	verso	ADP	_
80-7	TO050	80	certe	certe	certo	DET	_
80-8	TO050	80	cose.	cose	cosa	NOUN	Intonation=falling
81-0	TO050	81	da	da	da	ADP	_
81-1	TO050	81	un	un	uno	DET	_
81-2	TO050	81	lato	lato	lato	NOUN	_
81-3	TO050	81	totalmente::	totalmente	totalmente	ADV	_
81-4	TO050	81	{P}	{P}	_	_	_
81-5	TO050	81	dallaltro	dallaltro	dallaltro	ADP	_
81-6	TO050	81	lato	lato	lato	NOUN	_
81-7	TO050	81	cioè	cioè	cioè	ADV	_
81-8	TO050	81	estremo	estremo	estremo	ADJ	_
81-9	TO050	81	e	e	e	CCONJ	_
81-10	TO050	81	quindi	quindi	quindi	ADV	_
81-11	TO050	81	in	in	in	ADP	_
81-12	TO050	81	realtà,	realtà	realtà	NOUN	Intonation=weakly_rising
82-0	TO050	82	(si)	si	si	PRON	_
82-1	TO050	82	è	è	essere	AUX	_
82-2	TO050	82	portato	portato	portare	VERB	_
82-3	TO050	82	un	un	uno	DET	_
82-4	TO050	82	sacco	sacco	sacco	NOUN	_
82-5	TO050	82	di	di	di	ADP	_
82-6	TO050	82	conseguenze	conseguenze	conseguenza	NOUN	_
82-7	TO050	82	questa	questa	questo	DET	_
82-8	TO050	82	cosa	cosa	cosa	NOUN	_
82-9	TO050	82	effettivamente.	effettivamente	effettivo	ADV	Intonation=falling
83-0	TO050	83	°che,°	che	che	SCONJ	Intonation=weakly_rising|Volume=low
84-0	TO050	84	vabbè	vabbè	vabbere	VERB	_
84-1	TO050	84	comunque	comunque	comunque	ADV	_
84-2	TO050	84	(adesso)	adesso	adesso	ADV	_
84-3	TO050	84	è	è	essere	AUX	_
84-4	TO050	84	sempre	sempre	sempre	ADV	_
84-5	TO050	84	il	il	il	DET	_
84-6	TO050	84	solito	solito	solito	NOUN	_
84-7	TO050	84	discorso	discorso	discorgere	VERB	_
84-8	TO050	84	in	in	in	ADP	_
84-9	TO050	84	cui	cui	cui	PRON	_
84-10	TO050	84	adesso	adesso	adesso	ADV	_
84-11	TO050	84	io	io	io	PRON	_
84-12	TO050	84	{P}	{P}	_	_	_
84-13	TO050	84	e:h	eh	eh	INTJ	_
84-14	TO050	84	proietto	proietto	proietto	ADV	_
84-15	TO050	84	su	su	su	ADP	_
84-16	TO050	84	di	di	di	ADP	_
84-17	TO050	84	me::	me	me	PRON	_
84-18	TO050	84	i	i	il	DET	_
84-19	TO050	84	discorsi	discorsi	discorso	NOUN	_
84-20	TO050	84	che	che	che	PRON	_
84-21	TO050	84	facciamo	facciamo	fare	VERB	_
84-22	TO050	84	effetti[vame(nte)].	effettivamente	effettivo	ADV	Intonation=falling
85-0	TO049	85	[no	no	no	ADV	_
85-1	TO049	85	vabbè	vabbè	vabbè	INTJ	_
85-2	TO049	85	io]	io	io	PRON	_
85-3	TO049	85	avevo	avevo	avere	AUX	_
85-4	TO049	85	proiettato	proiettato	proiettare	VERB	_
85-5	TO049	85	[su	su	su	ADP	_
85-6	TO049	85	di	di	di	ADP	_
85-7	TO049	85	no]n	non	non	ADV	_
85-8	TO049	85	giudicato	giudicato	giudicare	VERB	_
85-9	TO049	85	nel	nel	_	_	_
85-9a	_	_	_	in	in	ADP	_
85-9b	_	_	_	il	il	DET	_
85-10	TO049	85	senso	senso	senso	NOUN	_
85-11	TO049	85	che	che	che	SCONJ	_
85-12	TO049	85	[xx	x	x	SYM	_
85-13	TO049	85	(normale)]	normale	normale	ADJ	_
85-14	TO049	85	che	che	che	PRON	_
85-15	TO049	85	avevo	avevo	avere	AUX	_
85-16	TO049	85	già	già	già	ADV	_
85-17	TO049	85	visto	visto	vedere	VERB	_
85-18	TO049	85	questa	questa	questo	DET	_
85-19	TO049	85	[cosa	cosa	cosa	NOUN	_
85-20	TO049	85	che	che	che	PRON	_
85-21	TO049	85	mi	mi	mi	PRON	_
85-22	TO049	85	sembrava],	sembrava	sembrare	VERB	Intonation=weakly_rising
86-0	TO050	86	[mhmh].	mhmh	mhmh	NOUN	Intonation=falling
87-0	TO050	87	[no	no	no	INTJ	_
87-1	TO050	87	no	no	no	ADV	_
87-2	TO050	87	ma	ma	ma	CCONJ	_
87-3	TO050	87	è	è	essere	AUX	_
87-4	TO050	87	giusto].	giusto	giusto	ADJ	Intonation=falling
88-0	TO050	88	[esatto	esatto	esatto	ADJ	_
88-1	TO050	88	una	una	uno	DET	_
88-2	TO050	88	dina]mica::	dinamica	dinamica	NOUN	_
88-3	TO050	88	[xx].	xx	diciannovesmo	ADJ	Intonation=falling
89-0	TO049	89	[normalissimo	normalissimo	normale	ADJ	_
89-1	TO049	89	che	che	che	SCONJ	_
89-2	TO049	89	lui	lui	lui	PRON	_
89-3	TO049	89	ci]	ci	ci	PRON	_
89-4	TO049	89	fosse	fosse	essere	AUX	_
89-5	TO049	89	xx	x	x	SYM	_
89-6	TO049	89	xx	x	x	SYM	_
89-7	TO049	89	[perché].	perché	perché	SCONJ	Intonation=falling
90-0	TO050	90	[esatto].	esatto	esatto	ADJ	Intonation=falling
91-0	TO049	91	quando	quando	quando	SCONJ	_
91-1	TO049	91	una	una	uno	DET	_
91-2	TO049	91	persona,	persona	persona	NOUN	Intonation=weakly_rising
92-0	TO049	92	che	che	che	SCONJ	_
92-1	TO049	92	ti	ti	ti	PRON	_
92-2	TO049	92	conosce,	conosce	conoscere	VERB	Intonation=weakly_rising
93-0	TO049	93	sembra	sembra	sembrare	VERB	_
93-1	TO049	93	non	non	non	ADV	_
93-2	TO049	93	conoscerti,	conoscerti	conoscertare	VERB	Intonation=weakly_rising
94-0	TO049	94	[ciè	ciè	cié	SCONJ	_
94-1	TO049	94	sembra	sembra	sembrare	VERB	_
94-2	TO049	94	proprio	proprio	proprio	ADV	_
94-3	TO049	94	e	e	e	CCONJ	_
94-4	TO049	94	poi],	poi	poi	ADV	Intonation=weakly_rising
95-0	TO050	95	[>xx	x	decimo	ADJ	_
95-1	TO050	95	perché	perché	perché	SCONJ	_
95-2	TO050	95	appunto	appunto	appunto	ADV	_
95-3	TO050	95	quelle	quelle	quelle	DET	_
95-4	TO050	95	cose	cose	cosa	NOUN	_
95-5	TO050	95	che]	che	che	PRON	_
95-6	TO050	95	me	me	me	PRON	_
95-7	TO050	95	la	la	la	PRON	_
95-8	TO050	95	sono	sono	essere	AUX	_
95-9	TO050	95	presa	presa	prendere	VERB	_
95-10	TO050	95	con	con	con	ADP	_
95-11	TO050	95	melania	melania	melania	NOUN	_
95-12	TO050	95	anche	anche	anche	ADV	_
95-13	TO050	95	se	se	se	SCONJ	_
95-14	TO050	95	in	in	in	ADP	_
95-15	TO050	95	realtà	realtà	realtà	NOUN	_
95-16	TO050	95	appunto	appunto	appunto	ADV	_
95-17	TO050	95	n~	n~	n~	PROPN	Interrupted=Yes
95-18	TO050	95	erano	erano	essere	VERB	_
95-19	TO050	95	delle:<,	delle	_	_	Intonation=weakly_rising
95-19a	_	_	_	di	di	ADP	_
95-19b	_	_	_	le	il	DET	_
96-0	TO050	96	>le	le	il	DET	_
96-1	TO050	96	cose	cose	cosa	NOUN	_
96-2	TO050	96	totalmente::	totalmente	totalmente	ADV	_
96-3	TO050	96	superficiali	superficiali	superficiale	ADJ	_
96-4	TO050	96	cioè	cioè	cioè	ADV	_
96-5	TO050	96	ma	ma	ma	CCONJ	_
96-6	TO050	96	de~	de~	de~	PROPN	Interrupted=Yes
96-7	TO050	96	neanche	neanche	neanche	ADV	_
96-8	TO050	96	delle	delle	_	_	_
96-8a	_	_	_	di	di	ADP	_
96-8b	_	_	_	le	il	DET	_
96-9	TO050	96	critiche	critiche	critica	NOUN	_
96-10	TO050	96	erano	erano	essere	AUX	_
96-11	TO050	96	delle:	delle	_	_	_
96-11a	_	_	_	di	di	ADP	_
96-11b	_	_	_	le	il	DET	_
96-12	TO050	96	notazioni	notazioni	notazione	NOUN	_
96-13	TO050	96	che	che	che	PRON	_
96-14	TO050	96	però	però	però	ADV	_
96-15	TO050	96	in	in	in	ADP	_
96-16	TO050	96	quel	quel	quello	DET	_
96-17	TO050	96	momento	momento	momento	NOUN	_
96-18	TO050	96	ti	ti	ti	PRON	_
96-19	TO050	96	danno	danno	dare	VERB	_
96-20	TO050	96	molto	molto	molto	ADV	_
96-21	TO050	96	fastidio	fastidio	fastidio	NOUN	_
96-22	TO050	96	quindi	quindi	quindi	ADV	_
96-23	TO050	96	poi	poi	poi	ADV	_
96-24	TO050	96	io	io	io	PRON	_
96-25	TO050	96	mi	mi	mi	PRON	_
96-26	TO050	96	sono	sono	essere	AUX	_
96-27	TO050	96	chiesto	chiesto	chiedere	VERB	_
96-28	TO050	96	ma	ma	ma	CCONJ	_
96-29	TO050	96	perché	perché	perché	SCONJ	_
96-30	TO050	96	mi	mi	mi	PRON	_
96-31	TO050	96	sta	sta	stare	AUX	_
96-32	TO050	96	dando	dando	dare	VERB	_
96-33	TO050	96	fastidio	fastidio	fastidio	NOUN	_
96-34	TO050	96	cioè	cioè	cioè	CCONJ	_
96-35	TO050	96	che<,	che	che	PRON	Intonation=weakly_rising
97-0	TO050	97	non	non	non	ADV	_
97-1	TO050	97	dovrei	dovrei	dovere	AUX	_
97-2	TO050	97	incazzarmi	incazzarmi	incazzarmo	ADJ	_
97-3	TO050	97	per	per	per	ADP	_
97-4	TO050	97	questa	questa	questo	DET	_
97-5	TO050	97	cosa	cosa	cosa	NOUN	_
97-6	TO050	97	non	non	non	ADV	_
97-7	TO050	97	dovrei	dovrei	dovere	AUX	_
97-8	TO050	97	nemmeno:	nemmeno	nemmeno	ADV	_
97-9	TO050	97	mettermi	mettermi	mettermare	VERB	_
97-10	TO050	97	a	a	a	ADP	_
97-11	TO050	97	ragionare	ragionare	ragionare	VERB	_
97-12	TO050	97	su	su	su	ADP	_
97-13	TO050	97	questa	questa	questo	DET	_
97-14	TO050	97	cosa	cosa	cosa	NOUN	_
97-15	TO050	97	però,	però	però	ADV	Intonation=weakly_rising
98-0	TO049	98	però,	però	però	ADV	Intonation=weakly_rising
98-1	TO049	98	[è	è	essere	AUX	_
98-2	TO049	98	normale	normale	normale	ADJ	_
98-3	TO049	98	{P}	{P}	_	_	_
98-4	TO049	98	p]erché	perché	perché	SCONJ	_
98-5	TO049	98	intacc[ano].	intaccano	intaccare	VERB	Intonation=falling
99-0	TO050	99	[che	che	che	SCONJ	_
99-1	TO050	99	xxx].	xxx	xventesimo	ADJ	Intonation=falling
100-0	TO050	100	[esa]tto.	esatto	esatto	ADJ	Intonation=falling
101-0	TO049	101	dei	dei	_	_	_
101-0a	_	_	_	di	di	ADP	_
101-0b	_	_	_	i	il	DET	_
101-1	TO049	101	processi,	processi	processo	NOUN	Intonation=weakly_rising
102-0	TO049	102	tuoi.	tuoi	tuo	PRON	Intonation=falling
103-0	TO050	103	°sì.°	sì	sì	ADV	Intonation=falling|Volume=low
104-0	TO049	104	°mh	mh	mh	ADV	Volume=low
104-1	TO049	104	in	in	in	ADP	Volume=low
104-2	TO049	104	tutto	tutto	tutto	DET	Volume=low
104-3	TO049	104	questo	questo	questo	PRON	Volume=low
104-4	TO049	104	era:,°	era	essere	AUX	Intonation=weakly_rising|Volume=low
105-0	TO050	105	°eh°	eh	eh	INTJ	Volume=low
106-0	TO050	106	che	che	che	SCONJ	_
106-1	TO050	106	palle	palle	palere	VERB	_
106-2	TO050	106	la	la	il	DET	_
106-3	TO050	106	complessità.	complessità	complessità	NOUN	Intonation=falling
107-0	TO049	107	°xxxxx[xxx]xxxx°	x	decimo	ADJ	Volume=low
108-0	TO050	108	[°esatto.°]	esatto	esatto	ADJ	Intonation=falling|Volume=low
109-0	TO049	109	°xxx°	x	decimo	ADJ	Volume=low
110-0	TO050	110	dovremmo	dovremmo	dovere	AUX	_
110-1	TO050	110	m:h	mh	mh	INTJ	_
110-2	TO050	110	semplicemente	semplicemente	semplicemente	ADV	_
110-3	TO050	110	occuparci	occuparci	_	_	_
110-3a	_	_	_	occupar	occupare	VERB	_
110-3b	_	_	_	ci	ci	PRON	_
110-4	TO050	110	di	di	di	ADP	_
110-5	TO050	110	xx	x	x	SYM	_
110-6	TO050	110	figurati.	figurati	figurato	NOUN	Intonation=falling
111-0	TO049	111	di	di	di	ADP	_
111-1	TO049	111	maramao.	maramao	maramao	NOUN	Intonation=falling
112-0	TO050	112	maramao	maramao	maramao	ADJ	_
112-1	TO050	112	perché	perché	perché	SCONJ	_
112-2	TO050	112	sei	sei	essere	AUX	_
112-3	TO050	112	mor[to].	morto	morgere	VERB	Intonation=falling
113-0	TO049	113	[di	di	di	ADP	_
113-1	TO049	113	ma]rramao.	marramao	marramao	NOUN	Intonation=falling
114-0	TO050	114	di	di	di	ADP	_
114-1	TO050	114	marramao.	marramao	marramao	NOUN	Intonation=falling
115-0	TO050	115	dovrebbe	dovrebbe	dovere	AUX	_
115-1	TO050	115	essere	essere	essere	AUX	_
115-2	TO050	115	il	il	il	DET	_
115-3	TO050	115	mio	mio	mio	DET	_
115-4	TO050	115	nickname	nickname	nickname	NOUN	_
115-5	TO050	115	marramao	marramao	marramao	ADJ	_
115-6	TO050	115	comunque	comunque	comunque	ADV	_
115-7	TO050	115	{P}	{P}	_	_	_
115-8	TO050	115	forse	forse	forse	ADV	_
115-9	TO050	115	(è	è	essere	AUX	_
115-10	TO050	115	registrato).	registrato	registrare	VERB	Intonation=falling
116-0	TO049	116	(dopo	dopo	dopo	ADV	_
116-1	TO049	116	xx.)	xx	diciannovesmo	ADJ	Intonation=falling
117-0	TO050	117	che	che	che	SCONJ	_
117-1	TO050	117	poi	poi	poi	ADV	_
117-2	TO050	117	mao	mao	mao	ADJ	_
117-3	TO050	117	mao	mao	mao	NOUN	_
117-4	TO050	117	per	per	per	ADP	_
117-5	TO050	117	me	me	me	PRON	_
117-6	TO050	117	sono	sono	essere	AUX	_
117-7	TO050	117	i	i	il	DET	_
117-8	TO050	117	napulicchi.	napulicchi	napulicco	NOUN	Intonation=falling
118-0	TO049	118	che	che	che	PRON	_
118-1	TO049	118	sono	sono	essere	AUX	_
118-2	TO049	118	i	i	il	DET	_
118-3	TO049	118	napu[li(cchi)].	napulicchi	napulicco	NOUN	Intonation=falling
119-0	TO050	119	[i	i	il	DET	_
119-1	TO050	119	cuozzi].	cuozzi	cuozzo	NOUN	Intonation=falling
120-0	TO050	120	i:::	i	il	DET	_
120-1	TO050	120	na:~	na~	na~	PROPN	Interrupted=Yes
120-2	TO050	120	napoletani	napoletani	napoletano	ADJ	_
120-3	TO050	120	che	che	che	PRON	_
120-4	TO050	120	vengono	vengono	venire	VERB	_
120-5	TO050	120	da	da	da	ADP	_
120-6	TO050	120	agropoli	agropoli	agropolo	NOUN	_
120-7	TO050	120	i	i	il	DET	_
120-8	TO050	120	cafoni.	cafoni	cafone	NOUN	Intonation=falling
121-0	TO049	121	ah	ah	ah	INTJ	ProsodicLink=Yes
121-1	TO049	121	[m:h].	mh	mh	INTJ	Intonation=falling
122-0	TO050	122	[gli	gli	gli	PRON	_
122-1	TO050	122	chia]miamo	chiamiamo	chiamare	VERB	_
122-2	TO050	122	mao	mao	mao	ADJ	_
122-3	TO050	122	mao.	mao	mao	NOUN	Intonation=falling
123-0	TO049	123	perché?	perché	perché	SCONJ	Intonation=rising
124-0	TO050	124	eh	eh	eh	INTJ	_
124-1	TO050	124	non	non	non	ADV	_
124-2	TO050	124	lo	lo	lo	PRON	_
124-3	TO050	124	so	so	sapere	VERB	_
124-4	TO050	124	e::h	eh	eh	X	ProsodicLink=Yes
124-5	TO050	124	mh	mh	mh	X	_
124-6	TO050	124	si	si	si	PRON	_
124-7	TO050	124	dice	dice	dire	VERB	_
124-8	TO050	124	a	a	a	ADP	_
124-9	TO050	124	xxxxx	x	x	SYM	_
124-10	TO050	124	che	che	che	PRON	_
124-11	TO050	124	stanno	stanno	stare	VERB	_
124-12	TO050	124	xx	x	x	SYM	_
124-13	TO050	124	[x	x	x	SYM	_
124-14	TO050	124	'sta	'sta	_	_	Truncated=Yes
124-14a	_	_	_	'	'	PUNCT	_
124-14b	_	_	_	sta	stare	VERB	_
124-15	TO050	124	cosa].	cosa	cosa	PRON	Intonation=falling
125-0	TO048	125	[tipo	tipo	tipo	NOUN	_
125-1	TO048	125	i	i	il	DET	_
125-2	TO048	125	xxx	x	decimo	ADJ	_
125-3	TO048	125	x]xx,	xxx	xxx	NOUN	Intonation=weakly_rising
126-0	TO050	126	sì.	sì	sì	ADV	Intonation=falling
127-0	TO050	127	che	che	che	PRON	_
127-1	TO050	127	sono	sono	essere	AUX	_
127-2	TO050	127	i	i	il	DET	_
127-3	TO050	127	cin	cin	cine	NOUN	_
127-4	TO050	127	xx	x	x	SYM	_
127-5	TO050	127	[xx].	xx	diciannovesmo	ADJ	Intonation=falling
128-0	TO048	128	[i	i	il	DET	_
128-1	TO048	128	catanes]i	catanesi	catanese	NOUN	_
128-2	TO048	128	sono	sono	essere	AUX	_
128-3	TO048	128	i	i	il	DET	_
128-4	TO048	128	xxx	x	decimo	ADJ	_
128-5	TO048	128	[xxx].	xxx	xxx	NOUN	Intonation=falling
129-0	TO050	129	[sì	sì	sì	ADV	_
129-1	TO050	129	ah	ah	ah	INTJ	_
129-2	TO050	129	ve]ro	vero	vero	ADJ	_
129-3	TO050	129	della:	della	_	_	_
129-3a	_	_	_	di	di	ADP	_
129-3b	_	_	_	la	il	DET	_
129-4	TO050	129	[xx].	xx	xx	NOUN	Intonation=falling
130-0	TO048	130	[a:]::h,	ah	ah	INTJ	Intonation=weakly_rising
131-0	TO050	131	mao	mao	mao	NOUN	_
131-1	TO050	131	mao.	mao	mao	ADJ	Intonation=falling
132-0	TO050	132	infatti	infatti	infatti	ADV	_
132-1	TO050	132	cioè	cioè	cioè	ADV	_
132-2	TO050	132	noi	noi	noi	PRON	_
132-3	TO050	132	ci	ci	ci	PRON	_
132-4	TO050	132	riferiamo	riferiamo	riferare	VERB	_
132-5	TO050	132	noi	noi	noi	PRON	_
132-6	TO050	132	locali	locali	locale	ADJ	_
132-7	TO050	132	ci	ci	ci	PRON	_
132-8	TO050	132	riferiamo	riferiamo	riferire	VERB	_
132-9	TO050	132	ai	ai	_	_	_
132-9a	_	_	_	a	a	ADP	_
132-9b	_	_	_	i	il	DET	_
132-10	TO050	132	napulicchi	napulicchi	napulicco	NOUN	_
132-11	TO050	132	come	come	come	ADP	_
132-12	TO050	132	mao	mao	mao	ADJ	_
132-13	TO050	132	mao.	mao	mao	NOUN	Intonation=falling
133-0	TO049	133	°ah.°	ah	ah	INTJ	Intonation=falling|Volume=low
134-0	TO050	134	e:h,	eh	eh	INTJ	Intonation=weakly_rising
135-0	TO048	135	xxx	x	x	SYM	_
135-1	TO048	135	xxx.	xxx	xventesimo	ADJ	Intonation=falling
136-0	TO048	136	quelli	quelli	quello	PRON	_
136-1	TO048	136	della	della	_	_	_
136-1a	_	_	_	di	di	ADP	_
136-1b	_	_	_	la	il	DET	_
136-2	TO048	136	città	città	città	NOUN	_
136-3	TO048	136	che	che	che	PRON	_
136-4	TO048	136	vanno	vanno	andare	VERB	_
136-5	TO048	136	nei	nei	_	_	_
136-5a	_	_	_	in	in	ADP	_
136-5b	_	_	_	i	il	DET	_
136-6	TO048	136	paesi.	paesi	paese	NOUN	Intonation=falling
137-0	TO050	137	esatto.	esatto	esatto	ADJ	Intonation=falling
138-0	TO049	138	xxx	x	decimo	ADJ	_
139-0	TO050	139	mao	mao	mao	ADJ	_
139-1	TO050	139	mao	mao	mao	NOUN	_
139-2	TO050	139	xx	x	x	SYM	_
139-3	TO050	139	per	per	per	ADP	_
139-4	TO050	139	un	un	uno	DET	_
139-5	TO050	139	mao	mao	mao	NOUN	_
139-6	TO050	139	mao	mao	mao	ADJ	_
139-7	TO050	139	io	io	io	PRON	_
139-8	TO050	139	sto	sto	stare	VERB	_
139-9	TO050	139	a	a	a	ADP	_
139-10	TO050	139	pensare.	pensare	pensare	VERB	Intonation=falling
140-0	TO049	140	si	si	si	PRON	_
140-1	TO049	140	è	è	essere	AUX	_
140-2	TO049	140	fatta	fatta	fare	VERB	_
140-3	TO049	140	una	una	uno	DET	_
140-4	TO049	140	certa.	certa	certo	ADJ	Intonation=falling
141-0	TO049	141	stiamo	stiamo	stare	AUX	_
141-1	TO049	141	chiudendo	chiudendo	chiudere	VERB	_
141-2	TO049	141	qua?	qua	qua	ADV	Intonation=rising
142-0	TO050	142	xxx	x	decimo	ADJ	_
143-0	TO050	143	devo:	devo	dovere	AUX	_
143-1	TO050	143	vedere	vedere	vedere	VERB	_
143-2	TO050	143	il	il	il	DET	_
143-3	TO050	143	computer	computer	computer	NOUN	_
143-4	TO050	143	se	se	se	SCONJ	_
143-5	TO050	143	è	è	essere	AUX	_
143-6	TO050	143	carico.	carico	carico	ADJ	Intonation=falling
144-0	TO050	144	sarà	sarà	essere	AUX	_
144-1	TO050	144	il	il	il	DET	_
144-2	TO050	144	computer	computer	computer	NOUN	_
144-3	TO050	144	come	come	come	ADV	_
144-4	TO050	144	sempre	sempre	sempre	ADV	_
144-5	TO050	144	a	a	a	ADP	_
144-6	TO050	144	decide:re	decidere	decidere	VERB	_
144-7	TO050	144	che	che	che	DET	_
144-8	TO050	144	cosa	cosa	cosa	NOUN	_
144-9	TO050	144	farò	farò	fare	VERB	_
144-10	TO050	144	oggi.	oggi	oggi	ADV	Intonation=falling
145-0	TO050	145	e	e	e	CCONJ	_
145-1	TO050	145	la	la	il	DET	_
145-2	TO050	145	connessione	connessione	connessione	NOUN	_
145-3	TO050	145	internet.	internet	internet	NOUN	Intonation=falling
146-0	TO050	146	e	e	e	CCONJ	_
146-1	TO050	146	oppure	oppure	oppure	CCONJ	_
146-2	TO050	146	possiamo	possiamo	potere	AUX	_
146-3	TO050	146	stare	stare	stare	VERB	_
146-4	TO050	146	qua	qua	qua	ADV	_
146-5	TO050	146	in	in	in	ADP	_
146-6	TO050	146	realtà.	realtà	realtà	NOUN	Intonation=falling
147-0	TO048	147	potremmo.	potremmo	potere	AUX	Intonation=falling
148-0	TO048	148	io	io	io	PRON	_
148-1	TO048	148	prendo	prendo	prendere	VERB	_
148-2	TO048	148	dellacqua.	dellacqua	dellacqua	ADV	Intonation=falling
